Date,reel,prediction,probabilite_hausse
2020-08-31,1,1,0.5510954748689526
2020-09-01,0,0,0.48605866781537665
2020-09-02,0,1,0.5500771645299501
2020-09-03,1,1,0.5741027646702895
2020-09-04,0,0,0.4023413814869255
2020-09-05,1,1,0.5517553585345361
2020-09-06,1,0,0.43637552742237795
2020-09-07,0,0,0.41490691988532874
2020-09-08,1,1,0.5106358637398987
2020-09-09,1,0,0.424747273072347
2020-09-10,1,0,0.4557047388621902
2020-09-11,1,0,0.40462656359048826
2020-09-12,0,0,0.41119410210139884
2020-09-13,1,0,0.4442607796044745
2020-09-14,1,0,0.4351145695723375
2020-09-15,1,0,0.4576120664250461
2020-09-16,0,0,0.46095824411853337
2020-09-17,0,1,0.5474849232343066
2020-09-18,1,1,0.5289702600056571
2020-09-19,0,1,0.512120452405292
2020-09-20,0,1,0.5434726830917755
2020-09-21,1,1,0.5573556347289158
2020-09-22,0,0,0.4984706886330027
2020-09-23,1,1,0.569130549244912
2020-09-24,0,0,0.44758496735504333
2020-09-25,1,1,0.5215469050494879
2020-09-26,1,0,0.4827860527122704
2020-09-27,0,0,0.4635631425236204
2020-09-28,1,0,0.4981694291303769
2020-09-29,0,1,0.5010610941003211
2020-09-30,0,1,0.5414529791547081
2020-10-01,0,1,0.5113948866343985
2020-10-02,0,1,0.524261470694642
2020-10-03,1,1,0.5661903088123866
2020-10-04,1,0,0.4635397406132363
2020-10-05,0,0,0.4955428472194622
2020-10-06,1,1,0.5148279223792743
2020-10-07,1,0,0.47928622382417013
2020-10-08,1,0,0.4810685258126563
2020-10-09,1,1,0.5429317639103671
2020-10-10,1,1,0.5165322935468255
2020-10-11,1,1,0.5505133300740794
2020-10-12,0,1,0.5080688098153628
2020-10-13,1,1,0.5949070695812332
2020-10-14,1,1,0.5619956548148504
2020-10-15,0,1,0.5234484931446429
2020-10-16,1,1,0.5607592924055715
2020-10-17,1,1,0.5228245076467039
2020-10-18,1,1,0.5288330427084778
2020-10-19,1,1,0.5220718965520175
2020-10-20,1,1,0.5188572864956766
2020-10-21,1,1,0.5527081333738832
2020-10-22,0,1,0.5878626194637344
2020-10-23,1,1,0.6401229632136928
2020-10-24,0,1,0.6046181115747441
2020-10-25,1,1,0.6094970678418055
2020-10-26,1,1,0.5436308389752872
2020-10-27,0,1,0.6249730884777829
2020-10-28,1,1,0.5807719330652368
2020-10-29,1,1,0.5327008377327691
2020-10-30,1,1,0.5580723474452131
2020-10-31,0,1,0.5517125092719599
2020-11-01,0,1,0.6050052095115808
2020-11-02,1,1,0.5801720262609706
2020-11-03,1,1,0.5356086021466395
2020-11-04,1,1,0.5418982624722894
2020-11-05,0,1,0.5222105154782747
2020-11-06,0,1,0.6091107068883693
2020-11-07,1,1,0.5614555178927716
2020-11-08,0,1,0.5458998475533545
2020-11-09,0,1,0.5770807783924472
2020-11-10,1,1,0.5821333560647465
2020-11-11,1,1,0.5362209519379673
2020-11-12,1,1,0.5599737929459735
2020-11-13,0,1,0.5440140645812328
2020-11-14,0,1,0.6126300336632758
2020-11-15,1,1,0.5889948470457405
2020-11-16,1,1,0.5823806117559674
2020-11-17,1,1,0.6485329653146548
2020-11-18,1,1,0.5777527673566029
2020-11-19,1,1,0.5299624231417124
2020-11-20,1,1,0.6372872225525767
2020-11-21,0,1,0.6105553414036342
2020-11-22,0,1,0.6377074458233157
2020-11-23,1,1,0.5638030567917923
2020-11-24,0,1,0.5667311350409192
2020-11-25,0,1,0.5840165477469157
2020-11-26,0,1,0.5009435027851274
2020-11-27,1,1,0.5347649673738397
2020-11-28,1,0,0.4818405983853014
2020-11-29,1,0,0.49229480846368723
2020-11-30,0,0,0.48606039217865676
2020-12-01,1,1,0.5379495448216336
2020-12-02,1,1,0.5025168860936037
2020-12-03,0,1,0.5554354246276252
2020-12-04,1,1,0.5499735304914006
2020-12-05,1,1,0.5065137671300419
2020-12-06,0,1,0.5227530520335543
2020-12-07,0,1,0.5598352807138753
2020-12-08,1,1,0.5608549129665413
2020-12-09,0,0,0.48265966094466456
2020-12-10,0,1,0.554551909037505
2020-12-11,1,1,0.5468327138487457
2020-12-12,1,0,0.48596748591141853
2020-12-13,1,0,0.467742267122803
2020-12-14,1,1,0.5076753238064969
2020-12-15,1,1,0.5477170255193097
2020-12-16,1,0,0.49899484161285057
2020-12-17,1,0,0.4408887326370422
2020-12-18,1,1,0.5486358212763811
2020-12-19,0,1,0.5630878180483503
2020-12-20,0,1,0.5996054068860566
2020-12-21,1,1,0.6100241015235398
2020-12-22,0,1,0.5688525427800305
2020-12-23,1,1,0.5566613156585718
2020-12-24,1,1,0.5622549880801706
2020-12-25,1,1,0.5479792929015095
2020-12-26,0,1,0.5376225482588631
2020-12-27,1,1,0.5252554373455938
2020-12-28,1,1,0.6047634551244192
2020-12-29,1,1,0.5839782055898695
2020-12-30,1,1,0.6037833648598834
2020-12-31,1,1,0.5750154626433206
2021-01-01,1,1,0.6036237057812888
2021-01-02,1,0,0.4828408376218673
2021-01-03,0,1,0.5500906079562813
2021-01-04,1,1,0.5597501480515652
2021-01-05,1,1,0.5673416129505938
2021-01-06,1,0,0.40009331468330295
2021-01-07,1,0,0.44999536300997284
2021-01-08,0,0,0.44917540916431264
2021-01-09,0,1,0.575520353807735
2021-01-10,0,1,0.5461546574813624
2021-01-11,0,0,0.4803438423812919
2021-01-12,1,1,0.5492582349725814
2021-01-13,1,0,0.4454492340646353
2021-01-14,0,1,0.5082624145703687
2021-01-15,0,0,0.4910902429282756
2021-01-16,0,1,0.5313115962683983
2021-01-17,1,1,0.5371561505340415
2021-01-18,0,1,0.5022039322399265
2021-01-19,0,1,0.5556618631433298
2021-01-20,0,1,0.5271957215331065
2021-01-21,1,1,0.6225528532089742
2021-01-22,0,0,0.455504761335871
2021-01-23,1,1,0.5759667977963899
2021-01-24,1,0,0.43624041758534476
2021-01-25,1,0,0.4285296291335275
2021-01-26,0,0,0.4392581408296726
2021-01-27,1,1,0.5651065536390837
2021-01-28,1,0,0.422165193697744
2021-01-29,0,0,0.45593875108013193
2021-01-30,0,0,0.488209077755874
2021-01-31,1,0,0.49080856060312494
2021-02-01,1,0,0.4399781342240975
2021-02-02,1,0,0.48658643070131063
2021-02-03,0,1,0.553145069518527
2021-02-04,1,1,0.5417321171908579
2021-02-05,1,1,0.5103261046456464
2021-02-06,0,1,0.6072726156946701
2021-02-07,1,1,0.6102503656887523
2021-02-08,1,0,0.39030830952441725
2021-02-09,0,0,0.45010845175899594
2021-02-10,1,1,0.5794129209849705
2021-02-11,0,1,0.5420382630223761
2021-02-12,0,1,0.5545631155221646
2021-02-13,1,1,0.5602188003272339
2021-02-14,0,1,0.5372208380547673
2021-02-15,1,1,0.5242469390222385
2021-02-16,1,1,0.5473771049569152
2021-02-17,0,1,0.591897892169818
2021-02-18,1,1,0.5233006637481767
2021-02-19,1,1,0.5249617426501572
2021-02-20,1,1,0.5762481777130093
2021-02-21,0,1,0.6000264350785056
2021-02-22,0,1,0.5188852539687556
2021-02-23,1,1,0.5270951794758559
2021-02-24,0,1,0.5074038141792139
2021-02-25,0,1,0.5624975053162679
2021-02-26,0,1,0.5750756869632103
2021-02-27,0,1,0.5472810705662391
2021-02-28,1,1,0.5789018361770084
2021-03-01,0,0,0.4267899917599379
2021-03-02,1,1,0.5413244032891023
2021-03-03,0,0,0.44559682723690586
2021-03-04,1,1,0.5340412882560054
2021-03-05,0,0,0.44564939802387893
2021-03-06,1,0,0.4706838061250496
2021-03-07,1,0,0.47282733404292515
2021-03-08,1,0,0.45558457440176364
2021-03-09,1,1,0.5375963234873374
2021-03-10,1,1,0.5406559443177135
2021-03-11,0,1,0.6425497688379711
2021-03-12,1,1,0.6198278771878885
2021-03-13,0,1,0.5890871374030741
2021-03-14,0,1,0.615858179895307
2021-03-15,1,1,0.5388764392950303
2021-03-16,1,0,0.4778940184180946
2021-03-17,0,1,0.5054759562741314
2021-03-18,1,1,0.529164107343048
2021-03-19,0,1,0.5087811559910281
2021-03-20,0,1,0.5244197401365821
2021-03-21,0,1,0.5382622911910093
2021-03-22,1,1,0.5306041588429224
2021-03-23,0,0,0.46212064887672244
2021-03-24,0,1,0.5660002636365288
2021-03-25,1,1,0.5129065696540333
2021-03-26,1,0,0.42620442109740336
2021-03-27,0,0,0.3968734341825884
2021-03-28,1,1,0.5033123986509132
2021-03-29,1,0,0.49037031465105263
2021-03-30,1,0,0.49408926814275217
2021-03-31,1,1,0.5231332752985849
2021-04-01,1,1,0.5783830611265826
2021-04-02,0,1,0.5305711403467314
2021-04-03,1,1,0.5635363098695338
2021-04-04,1,0,0.48839942444124906
2021-04-05,0,0,0.4876929591697089
2021-04-06,0,1,0.5275086913260716
2021-04-07,1,1,0.555110643843512
2021-04-08,0,0,0.450735418299545
2021-04-09,1,1,0.5144491078133382
2021-04-10,1,0,0.4954761004698542
2021-04-11,0,1,0.5036698204795674
2021-04-12,1,1,0.5282489553006307
2021-04-13,0,1,0.5155396881032913
2021-04-14,1,1,0.5410603950149264
2021-04-15,0,1,0.5188269832178293
2021-04-16,0,1,0.5584488073843494
2021-04-17,0,1,0.5306491980022113
2021-04-18,0,1,0.5302670846667585
2021-04-19,1,1,0.5118518343926616
2021-04-20,0,0,0.4590794524177984
2021-04-21,0,1,0.569219581379282
2021-04-22,0,1,0.5629873475798037
2021-04-23,0,1,0.5207599124038336
2021-04-24,0,1,0.5592343100330434
2021-04-25,1,1,0.5489289567969127
2021-04-26,1,0,0.39659479513240486
2021-04-27,0,0,0.3877191898685764
2021-04-28,0,0,0.45385619387560366
2021-04-29,1,0,0.46297329660091385
2021-04-30,1,0,0.4482172300759815
2021-05-01,0,1,0.5552715710795523
2021-05-02,1,1,0.5853646735008917
2021-05-03,0,0,0.48402885486478503
2021-05-04,1,1,0.517884524387448
2021-05-05,0,0,0.45444202864470307
2021-05-06,1,1,0.5209743425695289
2021-05-07,1,0,0.4554449705864056
2021-05-08,0,0,0.48350913688825237
2021-05-09,0,1,0.530643204853031
2021-05-10,1,1,0.5411385407402474
2021-05-11,0,0,0.45084166177710144
2021-05-12,1,1,0.5959863639685282
2021-05-13,1,1,0.5038713992661882
2021-05-14,0,0,0.4250295065433373
2021-05-15,0,1,0.627334559103503
2021-05-16,0,1,0.5560948836137367
2021-05-17,0,1,0.6419562034447537
2021-05-18,0,1,0.5841857248440122
2021-05-19,1,1,0.6594137768581355
2021-05-20,0,0,0.4885990700797334
2021-05-21,1,1,0.6662586154556002
2021-05-22,0,1,0.5415013707839591
2021-05-23,1,1,0.6588665671325948
2021-05-24,0,0,0.4553082662152452
2021-05-25,1,1,0.5255630395657821
2021-05-26,0,0,0.45580490512320604
2021-05-27,0,1,0.5414337526621308
2021-05-28,0,1,0.5753063225001718
2021-05-29,1,1,0.5944499544938604
2021-05-30,1,0,0.45209942094790634
2021-05-31,0,0,0.4237015349203696
2021-06-01,1,0,0.484264783625103
2021-06-02,1,0,0.46203115343988344
2021-06-03,0,0,0.43446235615047135
2021-06-04,0,1,0.5208022650025473
2021-06-05,1,1,0.5294708056375538
2021-06-06,0,0,0.4648233660545826
2021-06-07,0,1,0.5375776524382704
2021-06-08,1,0,0.4975282727287729
2021-06-09,0,0,0.40669641774506793
2021-06-10,1,1,0.5067378610649284
2021-06-11,0,0,0.4553351070952027
2021-06-12,1,1,0.5209135099032247
2021-06-13,1,0,0.4704040153376847
2021-06-14,1,1,0.548504163660021
2021-06-15,0,1,0.5537351864856825
2021-06-16,0,1,0.5352881498568609
2021-06-17,0,1,0.5339061217181049
2021-06-18,0,1,0.5552143081411773
2021-06-19,1,1,0.5165616492631608
2021-06-20,0,0,0.47243425425904056
2021-06-21,1,1,0.6032413245080516
2021-06-22,1,0,0.46522621442812595
2021-06-23,1,0,0.40204188133408614
2021-06-24,0,0,0.4419791393716187
2021-06-25,1,1,0.5439781534789434
2021-06-26,1,0,0.4146554606695614
2021-06-27,0,0,0.40368367708178504
2021-06-28,1,0,0.4681501064324474
2021-06-29,0,0,0.4291668981510647
2021-06-30,0,1,0.5156072185192148
2021-07-01,1,1,0.50901517409415
2021-07-02,1,0,0.46649273562363386
2021-07-03,1,0,0.44626452697653557
2021-07-04,0,0,0.46170865276526646
2021-07-05,1,1,0.5365389682859302
2021-07-06,0,0,0.451661152072279
2021-07-07,0,1,0.5195833728191573
2021-07-08,1,1,0.5500190169809344
2021-07-09,0,0,0.4611311658300603
2021-07-10,1,1,0.536942561105462
2021-07-11,0,0,0.4520744012268603
2021-07-12,0,1,0.5543204888717462
2021-07-13,1,0,0.4961270573504218
2021-07-14,0,0,0.42521732721250116
2021-07-15,0,1,0.554401281522077
2021-07-16,1,1,0.5172041204139384
2021-07-17,1,0,0.4418251081250759
2021-07-18,0,0,0.42804504195399923
2021-07-19,0,1,0.5329109539763699
2021-07-20,1,1,0.5317696571043268
2021-07-21,1,0,0.41719644222295704
2021-07-22,1,0,0.4730580955260486
2021-07-23,1,0,0.4817287244515491
2021-07-24,1,1,0.5158736703702611
2021-07-25,1,1,0.5323520390434919
2021-07-26,1,1,0.5399747782342869
2021-07-27,1,1,0.5612238549660753
2021-07-28,1,1,0.6080707492962758
2021-07-29,1,1,0.6458305717222161
2021-07-30,0,1,0.6093644943690688
2021-07-31,0,1,0.6304111895825265
2021-08-01,0,1,0.5793349603350793
2021-08-02,0,1,0.5815258260895259
2021-08-03,1,1,0.5813887416059658
2021-08-04,1,1,0.5339424819096523
2021-08-05,1,1,0.5411957697476323
2021-08-06,1,1,0.5499973621258558
2021-08-07,0,1,0.5491410599343888
2021-08-08,1,1,0.5431923872104495
2021-08-09,0,1,0.623375017412116
2021-08-10,1,1,0.6192869622861282
2021-08-11,0,1,0.5993153502783557
2021-08-12,1,1,0.5733079212600292
2021-08-13,0,0,0.4895518985191639
2021-08-14,0,1,0.5526511499880017
2021-08-15,0,1,0.5739295421617614
2021-08-16,0,1,0.5656358892574525
2021-08-17,1,1,0.5423165802157818
2021-08-18,1,0,0.49897758881910653
2021-08-19,1,1,0.5169385359397057
2021-08-20,0,1,0.5298865214136044
2021-08-21,1,1,0.549110933701458
2021-08-22,1,1,0.5224598581503592
2021-08-23,0,1,0.5258345175857415
2021-08-24,1,1,0.5598807588203973
2021-08-25,0,0,0.4995735450604817
2021-08-26,1,1,0.5512447267486055
2021-08-27,0,0,0.48604955719586784
2021-08-28,0,1,0.5776157504988589
2021-08-29,0,1,0.5470846751055939
2021-08-30,1,1,0.5680307690292559
2021-08-31,1,0,0.47399691706195646
2021-09-01,1,0,0.4789073999246899
2021-09-02,1,1,0.516279127351132
2021-09-03,0,0,0.49646438719079994
2021-09-04,1,1,0.5568664138566785
2021-09-05,1,1,0.5216806293516182
2021-09-06,0,1,0.5312444794836485
2021-09-07,0,1,0.5242864107245422
2021-09-08,1,1,0.5055626528068737
2021-09-09,0,0,0.45788790029240806
2021-09-10,1,1,0.5563796062529827
2021-09-11,1,0,0.43260877254806224
2021-09-12,0,0,0.40995476727114327
2021-09-13,1,1,0.5437562997502646
2021-09-14,1,0,0.4571054597192411
2021-09-15,0,0,0.4623693008395447
2021-09-16,0,1,0.5188673138497591
2021-09-17,1,1,0.5411777300956564
2021-09-18,0,0,0.46236103328393274
2021-09-19,0,1,0.5075243535699232
2021-09-20,0,1,0.5262244725826785
2021-09-21,1,1,0.5630913085881577
2021-09-22,1,0,0.4157540835491382
2021-09-23,0,0,0.407344265335531
2021-09-24,0,1,0.5391669265991088
2021-09-25,1,1,0.5419577358956884
2021-09-26,0,0,0.45092355842136783
2021-09-27,0,1,0.512571703424928
2021-09-28,1,1,0.5082003977043472
2021-09-29,1,0,0.4320567519749303
2021-09-30,1,0,0.4075317332600001
2021-10-01,0,0,0.4810560729446591
2021-10-02,1,1,0.5810953351544712
2021-10-03,1,1,0.5489877154801487
2021-10-04,1,1,0.5681059311435196
2021-10-05,1,1,0.5832515176987682
2021-10-06,0,1,0.5072361814745522
2021-10-07,1,1,0.6280916815974854
2021-10-08,1,1,0.5377288645997602
2021-10-09,0,1,0.5921760010747468
2021-10-10,1,1,0.6089260723441258
2021-10-11,0,1,0.5790608657141117
2021-10-12,1,1,0.5646506355870923
2021-10-13,0,1,0.5750969594301583
2021-10-14,1,1,0.5803498948823036
2021-10-15,0,1,0.5783597977102867
2021-10-16,1,1,0.5357446910061081
2021-10-17,1,1,0.5535960533087816
2021-10-18,1,1,0.5294894861235293
2021-10-19,1,1,0.6224685526376103
2021-10-20,0,1,0.6240455636246608
2021-10-21,0,1,0.5408687282500637
2021-10-22,1,1,0.5409422103624524
2021-10-23,0,1,0.5030777075687365
2021-10-24,1,1,0.552194490735532
2021-10-25,0,1,0.5072127772183492
2021-10-26,0,1,0.5491294592322112
2021-10-27,1,1,0.5648832244811869
2021-10-28,1,0,0.4554544347551704
2021-10-29,0,0,0.479297676042944
2021-10-30,0,1,0.5412188882126091
2021-10-31,0,1,0.532541487022878
2021-11-01,1,1,0.5314373655671456
2021-11-02,0,0,0.4847505337642107
2021-11-03,0,1,0.5616966067126389
2021-11-04,0,1,0.5712236520201314
2021-11-05,1,1,0.5437287486899739
2021-11-06,1,0,0.49438367560767615
2021-11-07,1,0,0.4954408554928838
2021-11-08,0,1,0.513091115332817
2021-11-09,0,1,0.5451366736241565
2021-11-10,0,1,0.5443865984998094
2021-11-11,0,1,0.5298769671589691
2021-11-12,1,1,0.5428958246164587
2021-11-13,1,1,0.5078552955470427
2021-11-14,0,0,0.4734236729562633
2021-11-15,0,1,0.5784425836552868
2021-11-16,1,1,0.5447818159886186
2021-11-17,0,0,0.44487903781520655
2021-11-18,1,1,0.5542634405419008
2021-11-19,1,0,0.41639745581576465
2021-11-20,0,0,0.40049351490568164
2021-11-21,0,1,0.5200472955396565
2021-11-22,1,1,0.5317692605078548
2021-11-23,0,0,0.37719898072367675
2021-11-24,1,0,0.4790260478069972
2021-11-25,0,0,0.4280460613950977
2021-11-26,1,1,0.5204290478773478
2021-11-27,1,0,0.3878620525165205
2021-11-28,1,0,0.4024827682797152
2021-11-29,0,0,0.4228474109135101
2021-11-30,1,0,0.49988322055169504
2021-12-01,0,0,0.4439040965982144
2021-12-02,0,1,0.5159230846816123
2021-12-03,0,1,0.5155687412059511
2021-12-04,1,1,0.5630237367668675
2021-12-05,1,0,0.45633156637033395
2021-12-06,1,0,0.43020098806842244
2021-12-07,0,0,0.42035518233149216
2021-12-08,0,1,0.5050347600877455
2021-12-09,0,1,0.5847823296703534
2021-12-10,1,1,0.5037244022101641
2021-12-11,1,0,0.40994181283317493
2021-12-12,0,0,0.4110289737504757
2021-12-13,0,1,0.5420310119258631
2021-12-14,1,0,0.49434897182552007
2021-12-15,0,0,0.4221592447197943
2021-12-16,0,1,0.5086520662042098
2021-12-17,1,1,0.5310423923920785
2021-12-18,0,0,0.44011492389505513
2021-12-19,1,1,0.5342637711024627
2021-12-20,1,0,0.4424109417483554
2021-12-21,0,0,0.439792463536193
2021-12-22,1,1,0.5245580691739218
2021-12-23,1,0,0.49864244721343604
2021-12-24,0,1,0.507180790828365
2021-12-25,1,1,0.5426249181753119
2021-12-26,0,1,0.5177726323126643
2021-12-27,0,1,0.5455497830992448
2021-12-28,0,1,0.5299959098800974
2021-12-29,1,1,0.5562808261142083
2021-12-30,0,0,0.42605383688039633
2021-12-31,1,1,0.5248617438180033
2022-01-01,0,0,0.43929966424836997
2022-01-02,0,1,0.5291022919163284
2022-01-03,0,1,0.5130889347341413
2022-01-04,0,1,0.5089515719767601
2022-01-05,0,1,0.5015463033351404
2022-01-06,0,1,0.503887728583732
2022-01-07,1,1,0.5587752180203713
2022-01-08,1,0,0.4735751982580333
2022-01-09,0,0,0.4632988297544246
2022-01-10,1,1,0.5118401397941355
2022-01-11,1,0,0.4040338884401731
2022-01-12,0,0,0.42718130015459566
2022-01-13,1,1,0.5001598644291928
2022-01-14,1,0,0.4544843994980024
2022-01-15,0,0,0.4882766889885235
2022-01-16,0,1,0.5175074543545722
2022-01-17,1,0,0.4904626251161727
2022-01-18,0,0,0.42489581441381546
2022-01-19,0,1,0.547908288456652
2022-01-20,0,1,0.5580175225172636
2022-01-21,0,1,0.58300306473108
2022-01-22,1,1,0.6264638504540373
2022-01-23,1,0,0.4504030885016621
2022-01-24,1,0,0.45229473729732
2022-01-25,0,0,0.4344650506119227
2022-01-26,1,1,0.5115217135273887
2022-01-27,1,0,0.42463865919484456
2022-01-28,1,0,0.4220211093955782
2022-01-29,0,0,0.4594970543460573
2022-01-30,1,0,0.49361130475723697
2022-01-31,1,0,0.4338857086653302
2022-02-01,0,0,0.4526265132114958
2022-02-02,1,0,0.49685517116790395
2022-02-03,1,0,0.4614816848527827
2022-02-04,0,0,0.475556785786487
2022-02-05,1,1,0.5700932633116245
2022-02-06,1,1,0.5316379394875856
2022-02-07,1,1,0.6039134075916964
2022-02-08,1,1,0.5925895748642258
2022-02-09,0,1,0.5783694171294104
2022-02-10,0,1,0.6192114225472622
2022-02-11,0,1,0.5896302478163595
2022-02-12,0,1,0.5674684038861829
2022-02-13,1,1,0.5859709970244295
2022-02-14,1,1,0.516391209252865
2022-02-15,0,1,0.5343050972293139
2022-02-16,0,1,0.5877181781662909
2022-02-17,0,1,0.5393032033935685
2022-02-18,1,1,0.5256495778749267
